[{
  "_id": {
    "$oid": "6591b49829ed40d83e4f2803"
  },
  "brandId": 1704047768,
  "name": "Asus",
  "createdAt": {
    "$date": "2024-01-01T06:36:08.000Z"
  },
  "__v": 0
},
{
  "_id": {
    "$oid": "6591b4a129ed40d83e4f2805"
  },
  "brandId": 1704047777,
  "name": "HP-test",
  "createdAt": {
    "$date": "2024-01-01T06:36:17.000Z"
  },
  "__v": 0
},
{
  "_id": {
    "$oid": "6591b4a929ed40d83e4f2807"
  },
  "brandId": 1704047785,
  "name": "Samsung",
  "createdAt": {
    "$date": "2024-01-01T06:36:25.000Z"
  },
  "__v": 0
}]