[{
  "_id": {
    "$oid": "658fdaea9060683f7702b908"
  },
  "username": "karim",
  "password": "admin123",
  "roll": "admin",
  "created_at": {
    "$date": "2023-12-29T20:53:49.000Z"
  },
  "userId": 1703926506,
  "__v": 0
},
{
  "_id": {
    "$oid": "658fdb089060683f7702b90c"
  },
  "username": "jashim",
  "password": "admin123",
  "roll": "admin",
  "created_at": {
    "$date": "2023-12-29T20:53:49.000Z"
  },
  "userId": 1703926536,
  "__v": 0
},
{
  "_id": {
    "$oid": "658ff15f5deb511c2489958a"
  },
  "username": "jamil",
  "password": "admin123",
  "roll": "admin",
  "created_at": {
    "$date": "2023-12-29T21:28:02.000Z"
  },
  "userId": 1703932255,
  "__v": 0
},
{
  "_id": {
    "$oid": "658ff268721ac4df8176a023"
  },
  "username": "samsul",
  "password": "admin123",
  "roll": "admin",
  "created_at": {
    "$date": "2023-12-29T22:34:55.000Z"
  },
  "userId": 1703932520,
  "__v": 0
},
{
  "_id": {
    "$oid": "658ff2c34aae566a509a3527"
  },
  "username": "karim123",
  "password": "abc123",
  "roll": "admin",
  "created_at": {
    "$date": "2023-12-29T22:36:25.000Z"
  },
  "userId": 1703932611,
  "__v": 0
},
{
  "_id": {
    "$oid": "65905e1e9ccd12b86433787a"
  },
  "username": "mamun",
  "password": "admin123",
  "roll": "admin",
  "created_at": {
    "$date": "2023-12-31T06:14:50.000Z"
  },
  "userId": 1703960094,
  "__v": 0
},
{
  "_id": {
    "$oid": "659065ea47414c12dd447655"
  },
  "username": "jinarul",
  "password": "admin123",
  "roll": "admin",
  "created_at": {
    "$date": "2023-12-31T06:47:51.000Z"
  },
  "userId": 1703962090,
  "__v": 0
},
{
  "_id": {
    "$oid": "659065f347414c12dd447658"
  },
  "username": "Mannan",
  "password": "admin123",
  "roll": "admin",
  "created_at": {
    "$date": "2023-12-31T06:47:51.000Z"
  },
  "userId": 1703962099,
  "__v": 0
},
{
  "_id": {
    "$oid": "659180e6d8057fa4c576d45c"
  },
  "username": "Abdullah",
  "password": "admin123",
  "roll": "admin",
  "created_at": {
    "$date": "2023-12-31T02:55:26.000Z"
  },
  "userId": 1704034534,
  "__v": 0
}]